{
  "version": 2,
  "name": "omniprospect",
  "builds": [
    {
      "src": "dist/index.js",
      "use": "@vercel/node"
    },
    {
      "src": "client/dist/**",
      "use": "@vercel/static"
    }
  ],
  "routes": [
    {
      "src": "/api/(.*)",
      "dest": "/dist/index.js"
    },
    {
      "src": "/(.*)",
      "dest": "/client/dist/$1"
    }
  ],
  "env": {
    "NODE_ENV": "production",
    "DATABASE_URL": "@database_url",
    "GOOGLE_SEARCH_API_KEY": "@google_search_api_key",
    "GOOGLE_SEARCH_ENGINE_ID": "@google_search_engine_id",
    "BING_SEARCH_API_KEY": "@bing_search_api_key",
    "SERP_API_KEY": "@serp_api_key"
  },
  "functions": {
    "dist/index.js": {
      "maxDuration": 30
    }
  }
}